Test_ID,Type,Gene_name,Uniprot_ID,Ensg_ID,Specific,On_target,Off_target,Off_target_name,Antigen_Length,Antigen_Sequence

13,gamma,BDKRB1,P46663,ENSG00000100739,FALSE,FALSE,FALSE,,41,MASSWPPLELQSSNQSQLSPQNATACDNAPEAWDLLHRVLP

2,gamma,CXCR3,P49682,ENSG00000186810,TRUE,TRUE,FALSE,,52,QVSDHQVLNDAEVAALLENFSSSYDYGENESDSCCTSPPCPQDFSLNFDRAF

6,alpha,ADRB2,P07550,ENSG00000169252,TRUE,TRUE,FALSE,,87,CRSPDFRIAFQELLCLRRSSLKAYGNGYSSNGNTGEQSGYHVEQEKENKLLCEDLPGTEDFVGHQGTVPSDNIDSQGRNCSTNDSLL

271,gamma,AGTR1,P30556,ENSG00000144891,TRUE,TRUE,FALSE,,39,LQLLKYIPPKAKSHSNLSTKMSTLSYRPSDNVSSSTKKP

201,delta,P2RY8,Q86VZ1,ENSG00000182162,TRUE,TRUE,FALSE,,92,GKSYYHVYKLTLCLSCLNNCLDPFVYYFASREFQLRLREYLGCRRVPRDTLDTRRESLFSARTTSVRSEAGAHPEGMEGATRPGLQRQESVF

122,alpha,GPR143,P51810,ENSG00000101850,TRUE,TRUE,FALSE,,85,CSLGFQSPRKEIQWESLTTSAAEGAHPSPLMPHENPASGKVSQVGGQTSDEALSMLSEGSDASTIEIHTASESCNKNEGDPALPT

14,gamma,LTB4R,Q15722,ENSG00000213903,TRUE,TRUE,FALSE,,54,GVGFVAKLLEGTGSEASSTRRGGSLGQTARSGPAALEPGPSESLTASSPLKLNE

8,alpha,GPR173,Q9NS66,ENSG00000184194,TRUE,TRUE,FALSE,,72,KPVQMVPAISQNWTFHGPGATGQAAANWIAGFGRGPMPPTLLGIRQNGHAASRRLLGMDEVKGEKQLGRMFY

15,gamma,MCHR1,Q99705,ENSG00000128285,TRUE,TRUE,FALSE,,111,VGAMKKGVGRAVGLGGGSGCQATEEDPLPNCGACAPGQGGRRWRLPQPAWVEGSSARLWEQATGTGWMDLEASLLPTGPNASNTSDGPDNLTSAGSPPRTGSISYINIIMP

125,alpha,HTR1F,P30939,ENSG00000179097,TRUE,TRUE,FALSE,,70,AKTLYHKRQASRIAKEEVNGQVLLESGEKSTKSVSTSYVLEKSLSDPSTDFDKIHSTVRSLRSEFKHEKS

322,other,GPR160,Q9UJ42,ENSG00000173890,FALSE,FALSE,FALSE,,28,KDIGLPLDPFVNWKCCFIPLTIPNLEQI

196,delta,NPSR1,Q6W5P4,ENSG00000187258,FALSE,FALSE,FALSE,,42,MPANFTEGSFDSSGTGQTLDSSPVACTETVTFTEVVEGKEWG

197,beta,TACR1,P25103,ENSG00000115353,TRUE,TRUE,FALSE,,79,GDYEGLEMKSTRYLQTQGSVYKVSRLETTISTVVGAHEEEPEDGPKATPSSLDLTSNCSSRSDSKTMTESFSFSSNVLS

193,delta,NPSR1,Q6W5P4,ENSG00000187258,TRUE,TRUE,FALSE,,75,DILDNFNLLPDTQERFYASVIIQNLPALNSAINPLIYCVFSSSISFPCRERRSQDSRMTFRERTERHEMQILSKP

129,gsaf,CALCRL,Q16602,ENSG00000064989,TRUE,TRUE,FALSE,,57,RNWNQYKIQFGNSFSNSEALRSASYTVSTISDGPGYSHDCPSEHLNGKSIHDIENVL

299,ctrl_a,CALCRL,Q16602,ENSG00000064989,FALSE,FALSE,FALSE,,110,EDSIQLGVTRNKIMTAQYECYQKIMQDPIQQAEGVYCNRTWDGWLCWNDVAAGTESMQLCPDYFQDFDPSEKVTKICDQDGNWFRHPASNRTWTNYTQCNVNTHEKVKTA

16,gamma,GPR1,P46091,ENSG00000183671,FALSE,FALSE,FALSE,,48,SKKFQARFRSSVAEILKYTLWEVSCSGTVSEQLRNSETKNLCLLETAQ

2,alpha,HTR2B,P41595,ENSG00000135914,FALSE,FALSE,TRUE,S1PR4,87,TIHALQKKAYLVKNKPPQRLTWLTVSTVFQRDETPCSSPEKVAMLDGSRKDKALPNSGDETLMRRTSTIGKKSVQTISNEQRASKVL

197,delta,GPR31,O00270,ENSG00000120436,FALSE,FALSE,FALSE,,26,NAGIIRALQKRLREPEKQPKLQRAQA

9,alpha,HRH2,P25021,ENSG00000113749,TRUE,TRUE,FALSE,,68,NRDFRTGYQQLFCCRLANRNSHKTSLRSNASQLSRTQSREPRQQEEKPLKLQVWSGTEVTAPQGATDR

194,beta,EDNRA,P25101,ENSG00000151617,FALSE,FALSE,FALSE,,55,YSTNLSNHVDDFTTFRGTELSFLVTTHQPTNLVLPSNGSMHNYCPQQTKITSAFK

194,delta,GPR183,P32249,ENSG00000169508,TRUE,TRUE,FALSE,,47,GYKRKVMRMLKRQVSVSISSAVKSAPEENSREMTETQMMIHSKSSNG

1,alpha,DRD5,P21918,ENSG00000169676,TRUE,TRUE,FALSE,,93,VETVNISNELISYNQDIVFHKEIAAAYIHMMPNAVTPGNREVDNDEEEGPFDRMFQIYQTSPDGDPVAESVWELDCEGEISLDKITPFTPNGF

3,alpha,HTR2A,P28223,ENSG00000102468,TRUE,TRUE,FALSE,,63,TIKSLQKEATLCVSDLGTRAKLASFSFLPQSSLSSEKLFQRSIHREPGSYTGRRTMQSISNEQ

10,alpha,HRH2,P25021,ENSG00000113749,TRUE,TRUE,FALSE,,68,NRDFRTGYQQLFCCRLANRNSHKTSLRSNASQLSRTQSREPRQQEEKPLKLQVWSGTEVTAPQGATDR

198,delta,GPR31,O00270,ENSG00000120436,FALSE,FALSE,FALSE,,26,NAGIIRALQKRLREPEKQPKLQRAQA

196,beta,HCRTR1,O43613,ENSG00000121764,FALSE,FALSE,TRUE,"GPR37, GPR37, GPR37, GPR37",48,MEPSATPGAQMGVPPGSREPSPVPPDYEDEFLRYLWRDYLYPKQYEWV

172,gsaf,GRM5,P41594,ENSG00000168959,FALSE,FALSE,FALSE,,98,MKPSDGRKLLESLMKTNFTGVSGDTILFDENGDSPGRYEIMNFKEMGKDYFDYINVGSWDNGELKMDDDEVWSKKSNIIRSVCSEPCEKGQIKVIRKG

202,delta,PPAN-P2RY11;P2RY11,Q96G91,ENSG00000243207;ENSG00000244165,TRUE,TRUE,FALSE,,106,VLNVDARRRWSTRCPSFADIAQATAALELGPYVGYQVMRGLMPLAFCVHPLLYMAAVPSLGCCCRHCPGYRDSWNPEDAKSTGQALPLNATAAPKPSEPQSRELSQ

203,delta,GPR4,P46093,ENSG00000177464,FALSE,FALSE,FALSE,,27,DELFRDRYNHTFCFEKFPMEGWVAWMN

193,beta,GNRHR,P30968,ENSG00000109163,FALSE,FALSE,FALSE,,33,IIFTLTRVLHQDPHELQLNQSKNNIPRARLKTL

1,gamma,MCHR2,Q969V1,ENSG00000152034,FALSE,FALSE,FALSE,,31,CYTWEMYQQNKDARCCNPSVPKQRVMKLTKM

258,beta,GNRHR,P30968,ENSG00000109163,FALSE,FALSE,FALSE,,33,IIFTLTRVLHQDPHELQLNQSKNNIPRARLKTL

3,gamma,C5AR1,P21730,ENSG00000197405,TRUE,TRUE,FALSE,,38,MDSFNYTTPDYGHYDDKDTLDLNTPVDKTSNTLRVPDI

121,alpha,DRD2,P14416,ENSG00000149295,TRUE,TRUE,FALSE,,140,LRAPLKGNCTHPEDMKLCTVIMKSNGSFPVNRRRVEAARRAQELEMEMLSSTSPPERTRYSPIPPSHHQLTLPDPSHHGLHSTPDSPAKPEKNGHAKDHPKIAKIFEIQTMPNGKTRTSLKTMSRRKLSQQKEKKATQML

5,alpha,DRD1,P21728,ENSG00000184845,TRUE,TRUE,FALSE,,109,FRKAFSTLLGCYRLCPATNNAIETVSINNNGAAMFSSHHEPRGSISKECNLVYLIPHAVGSSEDLKKEEAAGIARPLEKLSPALSVILDYDTDVSLEKIQPITQNGQHP

9,gamma,SSTR3,P32745,ENSG00000278195,TRUE,TRUE,FALSE,,46,MDMLHPSSVSTTSEPENASSAWPPDATLGNVSAGPSPAGLAVSGVL

11,alpha,LPAR2,Q9HBW0,ENSG00000064547,TRUE,TRUE,FALSE,,91,LLLDGLGCESCNVLAVEKYFLLLAEANSLVNAAVYSCRDAEMRRTFRRLLCCACLRQSTRESVHYTSSAQGGASTRIMLPENGHPLMDSTL

109,alpha,GPR61,Q9BZJ8,ENSG00000156097,TRUE,TRUE,FALSE,,97,QFVCFFKPAPEEELRLPSREGSIEENFLQFLQGTGCPSESWVSRPLPSPKQEPPAVDFRIPGQIAEETSEFLEQQLTSDIIMSDSYLRPAASPRLES

254,beta,NPFFR2,Q9Y5X5,ENSG00000056291,FALSE,FALSE,TRUE,"AVPR2, AVPR2, AVPR2",30,KYYRVRLNSQNKTSPVYWCREDWPNQEMRK

204,delta,F2RL2,O00254,ENSG00000164220,TRUE,TRUE,FALSE,,73,DTNNLAKPTLPIKTFRGAPPNSFEEFPFSALEGWTGATITVKIKCPEESASHLHVKNATMGYLTSSLSTKLIP

112,alpha,DRD5,P21918,ENSG00000169676,TRUE,TRUE,FALSE,,93,VETVNISNELISYNQDIVFHKEIAAAYIHMMPNAVTPGNREVDNDEEEGPFDRMFQIYQTSPDGDPVAESVWELDCEGEISLDKITPFTPNGF

250,delta,OXER1,Q8TDS5,ENSG00000162881,TRUE,TRUE,FALSE,,101,WLSACRSLDLCTQLFHGSLAFTYLNSVLDPVLYCFSSPNFLHQSRALLGLTRGRQGPVSDESSYQPSRQWRYREASRKAEAIGKLKVQGEVSLEKEGSSQG

93,gamma,GPR182,O15218,ENSG00000166856,TRUE,TRUE,FALSE,,82,LSPHFRGRLLNAVVHYLPKDQTKAGTCASSSSCSTQHSIIITKGDSQPAAAAPHPEPSLSFQAHHLLPNTSPISPTQPLTPS

92,gamma,GPER1,Q99527,ENSG00000164850,TRUE,TRUE,FALSE,,62,MDVTSQARGVGLEMYPGTAQPAAPNTTSPELNLSHPLLGTALANGTGELSEHQQYVIGLFLS

257,delta,RXFP1,Q9HBX9,ENSG00000171509,FALSE,FALSE,FALSE,,69,PFKEMIHRFWYNYRQRKSMDSKGQKTYAPSFIWVEMWPLQEMPPELMKPDLFTYPCEMSLISQSTRLNS

249,delta,GPR31,O00270,ENSG00000120436,FALSE,FALSE,FALSE,,26,VLMHIFQNLGSCRALCAVAHTSDVTG

252,delta,PTAFR,P25105,ENSG00000169403,TRUE,TRUE,FALSE,,44,KKFRKHLTEKFYSMRSSRKCSRATTDTVTEVVVPFNQIPGNSLK

251,delta,PTAFR,P25105,ENSG00000169403,FALSE,FALSE,FALSE,,27,LDSTNTVPDSAGSGNVTRCFEHYEKGS

251,beta,EDNRB,P24530,ENSG00000136160,TRUE,TRUE,FALSE,,83,CGLSRIWGEERGFPPDRATPLLQTAEIMTPPTKTLWPKGSNASLARSLAPAEVPKGDRTAGSPPRTISPPPCQGPIEIKETFK

334,other,GPR84,Q9NQS5,ENSG00000139572,TRUE,TRUE,FALSE,,57,TTQTLEGDSSEVGDQINSKRAKQMAEKSPPEASAKAQPIKGARRAPDSSSEFGKVTR

253,beta,NMUR2,Q9GZQ4,ENSG00000132911,TRUE,TRUE,FALSE,,41,KLQNASWIYQQKLEDPFQKHLNSTEEYLAFLCGPRRSHFFL

252,beta,NMUR2,Q9GZQ4,ENSG00000132911,TRUE,TRUE,FALSE,,81,RFQAAFQNVISSFHKQWHSQHDPQLPPAQRNIFLTECHFVELTEDIGPQFPCQSSMHNSHLPTALSSEQMSRTNYQSFHFN

200,beta,NMUR2,Q9GZQ4,ENSG00000132911,FALSE,FALSE,FALSE,,28,RLKKDKSLEADEGNANIQRPCRKSVNKM

95,gamma,CCR3,P51677,ENSG00000183625,FALSE,TRUE,TRUE,C5AR2,34,YETEELFEETLCSALYPEDTVYSWRHFHTLRMTI

94,gamma,CXCR4,P61073,ENSG00000121966,FALSE,FALSE,FALSE,,32,SIPLPLLQIYTSDNYTEEMGSGDYDSMKEPCF

255,beta,NPY4R;NPY4R2,P50391,ENSG00000204174;ENSG00000264717,TRUE,TRUE,FALSE,,48,NTNFKKEIKALVLTCQQSAPLEESEHLPLSTVHTEVSKGSPRLSGRSN

170,gsaf,GRM2,Q14416,ENSG00000164082,TRUE,TRUE,FALSE,,51,QKNVVSHRAPTSRFGSAAARASSSLGQGSGSQFVPTVCNGREVVDSTTSSL

96,gamma,SSTR5,P35346,ENSG00000162009,TRUE,TRUE,FALSE,,49,RQSFQKVLCLRKGSGAKDADATELRPDRIRQQQEATPPAHRAAANGLMQ

111,alpha,ADORA3,P0DMS8,ENSG00000282608,FALSE,FALSE,TRUE,"HRH2, HRH2, HRH2",26,RNKLSLNLSNSKETGAFYGREFKTAK

110,alpha,ADORA3,P0DMS8,ENSG00000282608,FALSE,FALSE,TRUE,"HTR4, HTR6, HTR6",31,KKFKETYLLILKACVVCHPSDSLDTSIEKNS

169,gsaf,GPR156,Q8NFN8,ENSG00000175697,TRUE,TRUE,FALSE,,98,SPDLPEQWQLWPPVPSGCASLSSQHSYFDTESSSSDEFFCRCHRPYCEICFQSSSDSSDSGTSDTDPEPTGGLASWEKLWARSKPIVNFKDDLKPTLV

253,delta,HCAR2,Q8TDS4,ENSG00000182782,TRUE,TRUE,FALSE,,51,NRCLQRKMTGEPDNNRSTSVELTGDPNKTRGAPEALMANSGEPWSPSYLGP

253,delta,HCAR3,P49019,ENSG00000255398,TRUE,TRUE,FALSE,,51,NRCLQRKMTGEPDNNRSTSVELTGDPNKTRGAPEALMANSGEPWSPSYLGP

113,alpha,CNR2,P34972,ENSG00000188822,TRUE,TRUE,FALSE,,53,EIRSSAHHCLAHWKKCVRGLGSEAKEEAPRSSVTETEADGKITPWPDSRDLDL

255,delta,GPR171,O14626,ENSG00000174946,FALSE,FALSE,FALSE,,28,IPIKDIKEKSNVGCMEFKKEFGRNWHLL

114,alpha,HTR1B,P28222,ENSG00000135312,TRUE,TRUE,FALSE,,43,MEEPGAQCAPPPPAGSETWVPQANLSSAPSQNCSAKDYIYQDS

254,delta,MRGPRF,Q96AM1,ENSG00000172935,TRUE,TRUE,FALSE,,42,MAGNCSWEAHPGNRNRMCPGLSEAPELYSRGFLTIEQIAMLP

256,delta,GPR183,P32249,ENSG00000169508,TRUE,TRUE,FALSE,,26,NPMSKQEAERITCMEYPNFEETKSLP

259,delta,LPAR6,P43657,ENSG00000139679,FALSE,FALSE,FALSE,,38,NWSVRRSDFRFSEVHGAENFIQHNLQTLKSKIFDNESA

269,gamma,FPR2,P25090,ENSG00000171049,FALSE,FALSE,FALSE,,30,DTYCTFNFASWGGTPEERLKVAITMLTARG

115,alpha,GPR27,Q9NS67,ENSG00000170837,TRUE,TRUE,FALSE,,34,NRELRDCFRAQFPCCQSPRTTQATHPCDLKGIGL

267,gamma,LTB4R2,Q9NPC1,ENSG00000213906,FALSE,FALSE,FALSE,,51,MAPSHRASQVGFCPTPERPLWRLPPTCRPRRMSVCYRPPGNETLLSWKTSR

258,delta,LPAR4,Q99677,ENSG00000147145,FALSE,FALSE,FALSE,,27,STTNVNNATTTCFEGFSKRVWKTYLSK

260,delta,LPAR4,Q99677,ENSG00000147145,TRUE,TRUE,FALSE,,46,KSFYINAHIRMESLFKTETPLTTKPSLPAIQEEVSDQTTNNGGELM

116,alpha,HRH1,P35367,ENSG00000196639,TRUE,TRUE,FALSE,,27,PNSSCLLEDKMCEGNKTTMASPQLMPL

171,gsaf,GPRC5C,Q9NQ84,ENSG00000170412,TRUE,TRUE,FALSE,,70,TSVYQPTEMALMHKVPSEGAYDIILPRATANSQVMGSANSTLRAEDMYSAQSHQAATPPKDGKNSQVFRN

117,alpha,CHRM2,P08172,ENSG00000181072,TRUE,TRUE,FALSE,,72,EITQDENTVSTSLGHSKDENSKQTCIRIGTKTPKSDSCTPTNTTVEVVGSSGQNGDEKQNIVARKIVKMTKQ

257,beta,NPY1R,P25929,ENSG00000164128,FALSE,FALSE,FALSE,,25,KRRNNMMDKMRDNKYRSSETKRINI

268,gamma,MCHR2,Q969V1,ENSG00000152034,TRUE,TRUE,FALSE,,31,SGNFQKRLPQIQRRATEKEINNMGNTLKSHF

256,beta,TACR1,P25103,ENSG00000115353,FALSE,FALSE,TRUE,"AVPR2, AVPR2, AVPR2",31,MDNVLPVDSDLSPNISTNTSEPNQFVQPAWQ

12,alpha,DRD3,P35462,ENSG00000151577,TRUE,TRUE,FALSE,,106,KQRRRKRILTRQNSQCNSVRPGFPQQTLSPDPAHLELKRYYSICQDTALGGPGFQERGGELKREEKTRNSLSPTIAPKLSLEVRKLSNGRLSTSLKLGPLQPRGVP

247,delta,GPR62,Q9BZJ7,ENSG00000180929,TRUE,TRUE,FALSE,,72,PVRLALGRLSRRALPGPVRACTPQAWHPRALLQCLQRPPEGPAVGPSEAPEQTPELAGGRSPAYQGPPESSL

206,delta,MRGPRD,Q8TDS7,ENSG00000172938,FALSE,FALSE,TRUE,GPR183,27,MNQTLNSSGTVESALNYSRGSTVHTAY

205,delta,SUCNR1,Q9BXA5,ENSG00000198829,FALSE,FALSE,FALSE,,28,LINPVITDNGTTCNDFASSGDPNYNLIY

19,gamma,CCR7,P32248,ENSG00000126353,FALSE,FALSE,FALSE,,48,GVKFRNDLFKLFKDLGCLSQEQLRQWSSCRHIRRSSMSVEAETTTTFS

18,gamma,CCR7,P32248,ENSG00000126353,FALSE,FALSE,FALSE,,34,QDEVTDDYIGDNTTVDYTLFESLCSKKDVRNFKA

199,delta,F2RL3,Q96RI0,ENSG00000127533,FALSE,FALSE,TRUE,"GPR174, GPR68, GPR68, GPR68, GPR68",29,QRQTFRLARSDRVLCHDALPLDAQASHWQ

323,other,GPR148,Q8TDV2,ENSG00000173302,FALSE,FALSE,FALSE,,28,LSKWQDAQLEEQGASYILPPSMGTQPGC

324,other,GPR148,Q8TDV2,ENSG00000173302,FALSE,FALSE,FALSE,,27,LLRYRQLLGMVRGHLPSRRHQAIFTIS

88,gamma,SSTR1,P30872,ENSG00000139874,FALSE,FALSE,TRUE,"SSTR4, SSTR4, SSTR4, SSTR4",56,FKRSFQRILCLSWMDNAAEEPVDYYATALKSRAYSVEDFQPENLESGGVFRNGTCT

17,gamma,CCR4,P51679,ENSG00000183813,FALSE,FALSE,TRUE,"SSTR3, SSTR3",26,LQIYSADTPSSSYTQSTMDHDLHDAL

22,gamma,CXCR1,P25024,ENSG00000163464,FALSE,FALSE,FALSE,,39,MSNITDPQMWDFDDLNFTGMPPADEDYSPCMLETETLNK

89,gamma,CXCR1,P25024,ENSG00000163464,FALSE,FALSE,FALSE,,28,AYHPNNSSPVCYEVLGNDTAKWRMVLRI

20,gamma,CXCR2,P25025,ENSG00000180871,TRUE,TRUE,FALSE,,46,DFNMESDSFEDFWKGEDLSNYSYSSTLPPFLLDAAPCEPESLEINK

90,gamma,CXCR2,P25025,ENSG00000180871,FALSE,FALSE,FALSE,,27,VYSSNVSPACYEDMGNNTANWRMLLRI

131,gsaf,CRHR1,P34998,ENSG00000120088,FALSE,FALSE,FALSE,,60,GQLVVRPCPAFFYGVRYNTTNNGYRECLANGSWAARVNYSECQEILNEEKKSKVHYHVAV

13,alpha,HRH4,Q9H3N8,ENSG00000134489,TRUE,TRUE,FALSE,,81,QSHPGLTAVSSNICGHSFRGRLSSRRSLSASTEVPASFHSERQRRKSSLMFSSRTKMNSNTIASKMGSFSQSDSVALHQRE

211,beta,CCKBR,P32239,ENSG00000110148,TRUE,TRUE,FALSE,,58,MELLKLNRSVQGTGPGPGASLCRPGAPLLNSSSVGNLSCEPPRIRGAGTRELELAIRI

166,gsaf,GRM7,Q14831,ENSG00000196277,TRUE,TRUE,FALSE,,64,LCIAQSVRIPQERKDRTIDFDRIIKQLLDTPNSRAVVIFANDEDIKQILAAAKRADQVGHFLWV

132,gsaf,GRM7,Q14831,ENSG00000196277,FALSE,FALSE,FALSE,,47,FQYQTTNTSNPGYRLIGQWTDELQLNIEDMQWGKGVREIPASVCTLP

23,gamma,NPBWR2,P48146,ENSG00000125522,FALSE,FALSE,FALSE,,28,GVYSNELQVPSCGLSFPWPEQVWFKASR

133,gsaf,GPRC6A,Q5T6X5,ENSG00000173612,TRUE,TRUE,FALSE,,89,VVGFAFRRGNISSFHSFLQNLHLLPSDSHKLLHEYAMHLSACAYVKDTDLSQCIFNHSQRTLAYKANKAIERNFVMRNDFLWDYAEPGL

212,beta,GHSR,Q92847,ENSG00000121853,FALSE,FALSE,FALSE,,29,GVEHENGTDPWDTNECRPTEFAVRSGLLT

134,gsaf,GPRC6A,Q5T6X5,ENSG00000173612,FALSE,FALSE,FALSE,,84,TDGWNSFHFDAHGDLNTGYDVVLWKEINGHMTVTKMAEYDLQNDVFIIPDQETKNEFRNLKQIQSKCSKECSPGQMKKTTRSQH

325,other,GPR63,Q9BZJ6,ENSG00000112218,FALSE,FALSE,TRUE,FZD6,66,NTTFVVYENTYMNITLPPPFQHPDLSPLLRYSFETMAPTGLSSLTVNSTAVPTTPAAFKSLNLPLQ

135,gsaf,ADGRG3,Q86Y34,ENSG00000182885,FALSE,FALSE,FALSE,,101,GDGSGVLNNRLVGLSVGQMHVTKLAEPLEIVFSHQRPPPNMTLTCVFWDVTKGTTGDWSSEGCSTEVRPEGTVCCCDHLTFFALLLRPTLDQSTVHILTRI

15,alpha,HTR4,Q13639,ENSG00000164270,TRUE,TRUE,FALSE,,69,FRRAFLIILCCDDERYRRPSILGQTVPCSTTTINGSTHVLRDAVECGGQWESQCHPPATSPLVAAQPSD

14,alpha,HTR4,Q13639,ENSG00000164270,TRUE,TRUE,FALSE,,33,QGWNNIGIIDLIEKRKFNQNSNSTYCVFMVNKP

195,delta,GPR174,Q9BXC1,ENSG00000147138,FALSE,FALSE,TRUE,FFAR2,28,RTSDDTSGNRTKCFVDLPTRNVNLAQSV

213,beta,CCKBR,P32239,ENSG00000110148,TRUE,TRUE,FALSE,,90,SRELYLGLRFDGDSDSDSQSRVRNQGGLPGAVHQNGRCRPETGAVGEDSDGCYVQLPRSRPALELTALTAPGPGSGSRPTQAKLLAKKRV

16,alpha,CNR1,P21554,ENSG00000118432,TRUE,TRUE,FALSE,,56,RSMFPSCEGTAQPLDNSMGDSDCLHKHANNAASVHRAAESCIKSTVKIAKVTMSVS

29,gamma,KISS1R,Q969F8,ENSG00000116014,TRUE,TRUE,FALSE,,38,MLRHLGRVAVRPAPADSALQGQVLAERAGAVRAKVSRL

28,gamma,GALR1,P47211,ENSG00000166573,TRUE,TRUE,FALSE,,40,NFRKAYKQVFKCHIRKDSHLSDTKENKSRIDTPPSTNCTH

214,beta,TACR1,P25103,ENSG00000115353,TRUE,TRUE,FALSE,,79,GDYEGLEMKSTRYLQTQGSVYKVSRLETTISTVVGAHEEEPEDGPKATPSSLDLTSNCSSRSDSKTMTESFSFSSNVLS

167,gsaf,FZD4,Q9ULV1,ENSG00000174804,TRUE,TRUE,FALSE,,33,SAKTLHTWQKCSNRLVNSGKVKREKRGNGWVKP

208,delta,F2RL3,Q96RI0,ENSG00000127533,TRUE,TRUE,FALSE,,42,SAEFRDKVRAGLFQRSPGDTVASKASAEGGSRGMGTHSSLLQ

17,alpha,MTNR1A,P48039,ENSG00000168412,TRUE,TRUE,FALSE,,50,NFRKEYRRIIVSLCTARVFFVDSSNDVADRVKWKPSPLMTNNNVVKVDSV

24,gamma,CCR8,P51685,ENSG00000179934,TRUE,TRUE,FALSE,,38,MDYTLDLSVTTVTDYYYPDIFSSPCDGELIQTNGKLLL

26,gamma,CXCR5,P32302,ENSG00000160683,TRUE,TRUE,FALSE,,53,MNYPLTLEMDLENLEDLFWELDRLDNYNDTSLVENHLCPATEGPLMASFKAVF

25,gamma,SSTR3,P32745,ENSG00000278195,FALSE,TRUE,TRUE,GPBAR1,46,MDMLHPSSVSTTSEPENASSAWPPDATLGNVSAGPSPAGLAVSGVL

207,delta,FFAR4,Q5NUL3,ENSG00000186188,FALSE,FALSE,FALSE,,33,FRVVPQRLPGADQEISICTLIWPTIPGEISWDV

136,gsaf,ADGRA1,Q86SQ6,ENSG00000197177,TRUE,TRUE,FALSE,,102,PCKMTNLQAAQGHASCLSPATPCCAKMHCEPLTADEAHVHLQEEGAFGHDPHLHGCLQGRTKPPYFSRHPAEEPEYAYHIPSSLDGSPRSSRTDSPPSSLDG

215,beta,GPR37,O15354,ENSG00000170775,TRUE,TRUE,FALSE,,141,RWKGARGQEPSETLGRGNPTALQLFLQISEEEEKGPRGAGISGRSQEQSVKTVPGASDLFYWPRRAGKLQGSHHKPLSKTANGLAGHEGWTIALPGRALAQNGSLGEGIHEPGGPRRGNSTNRRVRLKNPFYPLTQESYGA

209,delta,FSHR,P23945,ENSG00000170820,TRUE,TRUE,FALSE,,113,QESKVTEIPSDLPRNAIELRFVLTKLRVIQKGAFSGFGDLEKIEISQNDVLEVIEADVFSNLPKLHEIRIEKANNLLYINPEAFQNLPNLQYLLISNTGIKHLPDVHKIHSLQ

27,gamma,CCRL2,O00421,ENSG00000121797,TRUE,TRUE,FALSE,,43,FLDGTFSKYLCRCFHLRSNTPLQPRGQSAQGTSREEPDHSTEV

20,alpha,ADORA1,P30542,ENSG00000163485,TRUE,TRUE,FALSE,,38,NNLSAVERAWAANGSMGEPVIKCEFEKVISMEYMVYFN

248,delta,C3AR1,Q16581,ENSG00000171860,TRUE,TRUE,FALSE,,142,GLSSSLDYPDFYGDPLENRSLENIVQPPGEMNDRLDPSSFQTNDHPWTVPTVFQPQTFQRPSADSLPRGSARLTSQNLYSNVFKPADVVSPKIPSGFPIEDHETSPLDNSDAFLSTHLKLFPSASSNSFYESELPQGFQDYY

30,gamma,CCR3,P51677,ENSG00000183625,TRUE,TRUE,FALSE,,34,YETEELFEETLCSALYPEDTVYSWRHFHTLRMTI

6,gamma,CCR2,P41597,ENSG00000121807,TRUE,TRUE,FALSE,,58,FHIALGCRIAPLQKPVCGGPGVRPGKNVKVTTQGLLDGRGKGKSIGRAPEASLQDKEG

18,alpha,HTR6,P50406,ENSG00000158748,TRUE,TRUE,FALSE,,31,LTAQLLLPGEATQDPPLPTRAAAAVNFFNID

19,alpha,CHRM4,P08173,ENSG00000180720,TRUE,TRUE,FALSE,,99,PVADKDTSNESSSGSATQNTKERPATELSTTEATTPAMPAPPLQPRALNPASRWSKIQIVTKQTGNECVTAIEIVPATPAGMRPAANVARKFASIARNQ

199,beta,NMUR2,Q9GZQ4,ENSG00000132911,TRUE,TRUE,FALSE,,81,RFQAAFQNVISSFHKQWHSQHDPQLPPAQRNIFLTECHFVELTEDIGPQFPCQSSMHNSHLPTALSSEQMSRTNYQSFHFN

4,gamma,CXCR3,P49682,ENSG00000186810,TRUE,TRUE,FALSE,,52,QVSDHQVLNDAEVAALLENFSSSYDYGENESDSCCTSPPCPQDFSLNFDRAF

137,gsaf,CRHR1,P34998,ENSG00000120088,FALSE,FALSE,FALSE,,60,GQLVVRPCPAFFYGVRYNTTNNGYRECLANGSWAARVNYSECQEILNEEKKSKVHYHVAV

210,delta,GPR68,Q15743,ENSG00000119714,FALSE,FALSE,FALSE,,27,PSGPKMGNITADNSSMSCTIDHTIHQT

138,gsaf,GPRC5A,Q8NFJ5,ENSG00000013588,TRUE,TRUE,FALSE,,31,MATTVPDGCRNGLKSKYYRLCDKAEAWGIVL

212,delta,CYSLTR2,Q9NS75,ENSG00000152207,TRUE,TRUE,FALSE,,31,KFMSLQPSISVSEMEPNGTFSNNNSRNCTIE

32,gamma,FPR1,P21462,ENSG00000171051,FALSE,FALSE,FALSE,,35,TTVPGKTGTVACTFNFSPWTNDPKERINVAVAMLT

211,delta,MRGPRE,Q86SM8,ENSG00000184350,TRUE,TRUE,FALSE,,27,MMEPREAGQHVGAANGAQEDVAFNLII

31,gamma,AGTR2,P50052,ENSG00000180772,TRUE,TRUE,FALSE,,47,MKGNSTLATTSKNITSGLHFGLVNISGNNESTLNCSQKPSDKHLDAI

21,alpha,PTGDR,Q13258,ENSG00000168229,FALSE,FALSE,FALSE,,41,RNLYAMHRRLQRHPRSCTRDCAEPRADGREASPQPLEELDH

91,gamma,CX3CR1,P49238,ENSG00000168329,FALSE,FALSE,FALSE,,61,LEAFKLADLDFRKSSLASGWRMASGAFTMDQFPESVTENFEYDDLAEACYIGDIVVFGTVF

22,alpha,MC2R,Q01718,ENSG00000185231,FALSE,FALSE,FALSE,,27,NILIILRNMGYLKPRGSFETTADDIID

139,gsaf,CRHR2,Q13324,ENSG00000106113,FALSE,FALSE,TRUE,"ADGRE5, ADGRE5, ADGRE5, ADGRE5",52,PCPEYFNGVKYNTTRNAYRECLENGTWASKINYSQCEPILDDKQRKYDLHYR

140,gsaf,GPRC5D,Q9NZD1,ENSG00000111291,FALSE,FALSE,FALSE,,25,TEYVTLIMTRGMMFVNMTPCQLNVD

33,gamma,OPRK1,P41145,ENSG00000082556,TRUE,TRUE,FALSE,,52,PIQIFRGEPGPTCAPSACLPPNSSAWFPGWAEPDSNGSAGSEDAQLEPAHIS

23,alpha,MTNR1B,P49286,ENSG00000134640,FALSE,FALSE,TRUE,"HTR1A, HTR1A, HTR1A, HTR1A",27,VLQARRKAKPESRLCLKPSDLRSFLTM

35,gamma,AGTR2,P50052,ENSG00000180772,TRUE,TRUE,FALSE,,42,PFLYCFVGNRFQQKLRSVFRVPITWLQGKRESMSCRKSSSLR

217,beta,GNRHR,P30968,ENSG00000109163,FALSE,FALSE,FALSE,,33,IIFTLTRVLHQDPHELQLNQSKNNIPRARLKTL

34,gamma,CXCR6,O00574,ENSG00000172215,TRUE,TRUE,FALSE,,33,EHDYHEDYGFSSFNDSSQEEHQDFLQFSKVFLP

36,gamma,CMKLR1,Q99788,ENSG00000174600,TRUE,TRUE,FALSE,,51,QDFKKFKVALFSRLVNALSEDTGHSSYPSHRSFTKMSSMNERTSMNERETG

24,alpha,DRD2,P14416,ENSG00000149295,TRUE,TRUE,FALSE,,32,NLSWYDDDLERQNWSRPFNGSDGKADRPHYNY

37,gamma,CCR10,P46092,ENSG00000184451,TRUE,TRUE,FALSE,,48,LRFRQDLRRLLRGGSCPSGPQPRRGCPRRPRLSSCSAPTETHSLSWDN

5,gamma,C5AR1,P21730,ENSG00000197405,TRUE,TRUE,FALSE,,38,MDSFNYTTPDYGHYDDKDTLDLNTPVDKTSNTLRVPDI

218,beta,NPY1R,P25929,ENSG00000164128,TRUE,TRUE,FALSE,,48,NFQRDLQFFFNFCDFRSRDDDYETIAMSTMHTDVSKTSLKQASPVAFK

25,alpha,CHRM3,P20309,ENSG00000133019,TRUE,TRUE,FALSE,,140,RCHFWFTTKSWKPSSEQMDQDHSSSDSWNNNDAAASLENSASSDEEDIGSETRAIYSIVLKLPGHSTILNSTKLPSSDNLQVPEEELGMVDLERKADKLQAQKSVDDGGSFPKSFSKLPIQLESAVDTAKTSDVNSSVGK

26,alpha,HTR4,Q13639,ENSG00000164270,TRUE,TRUE,FALSE,,69,FRRAFLIILCCDDERYRRPSILGQTVPCSTTTINGSTHVLRDAVECGGQWESQCHPPATSPLVAAQPSD

27,alpha,ADRA2A,P08913,ENSG00000150594,TRUE,TRUE,FALSE,,27,GNASWNGTEAPGGGARATPYSLQVTLT

38,gamma,SSTR5,P35346,ENSG00000162009,TRUE,TRUE,FALSE,,49,RQSFQKVLCLRKGSGAKDADATELRPDRIRQQQEATPPAHRAAANGLMQ

108,alpha,S1PR1,P21453,ENSG00000170989,TRUE,TRUE,FALSE,,28,YSLVRTRSRRLTFRKNISKASRSSEKSL

28,alpha,DRD5,P21918,ENSG00000169676,TRUE,TRUE,FALSE,,25,PRSNDTAYPGQLALYQQLAQGNAVG

213,delta,F2R,P25116,ENSG00000181104,TRUE,TRUE,FALSE,,49,YASSECQRYVYSILCCKESSDPSSYNSSGQLMASKMDTCSSNLNNSIYK

29,alpha,DRD3,P35462,ENSG00000151577,TRUE,TRUE,FALSE,,106,KQRRRKRILTRQNSQCNSVRPGFPQQTLSPDPAHLELKRYYSICQDTALGGPGFQERGGELKREEKTRNSLSPTIAPKLSLEVRKLSNGRLSTSLKLGPLQPRGVP

31,alpha,DRD1,P21728,ENSG00000184845,TRUE,TRUE,FALSE,,109,FRKAFSTLLGCYRLCPATNNAIETVSINNNGAAMFSSHHEPRGSISKECNLVYLIPHAVGSSEDLKKEEAAGIARPLEKLSPALSVILDYDTDVSLEKIQPITQNGQHP

30,alpha,OPN3,Q9H1Y3,ENSG00000054277,TRUE,TRUE,FALSE,,90,IRKFRRSLLQLLCLRLLRCQRPAKDLPAAGSEMQIRPIVMSQKDGDRPKKKVTFNSSSIIFIITSDESLSVDDSDKTNGSKVDVIQVRPL

32,alpha,ADORA2A,P29274,ENSG00000128271,FALSE,FALSE,FALSE,,28,NCGQPKEGKNHSQGCGEGQVACLFEDVV

39,gamma,LTB4R2,Q9NPC1,ENSG00000213906,TRUE,TRUE,FALSE,,39,SREGTMELRTTPQLKVVGQGRGNGDPGGGMEKDGPEWDL

33,alpha,PTGDR,Q13258,ENSG00000168229,TRUE,TRUE,FALSE,,25,AYYGAFKDVKEKNRTSEEAEDLRAL

214,delta,F2RL3,Q96RI0,ENSG00000127533,FALSE,FALSE,FALSE,,29,QRQTFRLARSDRVLCHDALPLDAQASHWQ

34,alpha,TAAR1,Q96RJ0,ENSG00000146399,FALSE,FALSE,FALSE,,25,ELNFKGAEEIYYKHVHCRGGCSVFF

40,gamma,ACKR3,P25106,ENSG00000144476,FALSE,FALSE,FALSE,,43,LHLFDYSEPGNFSDISWPCNSSDCIVVDTVMCPNMPNKSVLLY

215,delta,QRFPR,Q96P65,ENSG00000186867,TRUE,TRUE,FALSE,,75,CIVNKTFSPAQRHGNSGITMMRKKAKFSLRENPVEETKGEAFSDGNIEVKLCEQTEEKKKLKRHLALFRSELAEN

35,alpha,CHRM1,P11229,ENSG00000168539,FALSE,FALSE,TRUE,"LPAR1, LPAR1",25,NTSAPPAVSPNITVLAPGKGPWQVA

168,gsaf,GABBR1,Q9UBS5,ENSG00000204681,TRUE,TRUE,FALSE,,78,YKERLFGKKYVWFLIGWYADNWFKIYDPSINCTVDEMTEAVEGHITTEIVMLNPANTRSISNMTSQEFVEKLTKRLKR

36,alpha,LPAR1,Q92633,ENSG00000198121,TRUE,TRUE,FALSE,,50,RDKEMSATFRQILCCQRSENPTGPTEGSDRSASSLNHTILAGVHSNDHSV

10,gamma,MCHR2,Q969V1,ENSG00000152034,FALSE,TRUE,TRUE,SSTR3,31,SGNFQKRLPQIQRRATEKEINNMGNTLKSHF

41,gamma,BDKRB2,P30411,ENSG00000168398,TRUE,TRUE,FALSE,,60,FSPWKISMFLSVREDSVPTTASFSADMLNVTLQGPTLNGTFAQSKCPQVEWLGWLNTIQP

37,alpha,HRH3,Q9Y5N1,ENSG00000101180,TRUE,TRUE,FALSE,,50,SGSSSRGTERPRSLKRGSKPSASSASLEKRMKMVSQSFTQRFRLSRDRKV

38,alpha,GPR12,P47775,ENSG00000132975,TRUE,TRUE,FALSE,,34,MNEDLKVNLSGLPRDYLDAAAAENISAAVSSRVP

219,beta,CCKAR,P32238,ENSG00000163394,TRUE,TRUE,FALSE,,51,KSAKERKPSTTSSGKYEDSDGCYLQKTRPPRKLELRQLSTGSSSRANRIRS

220,beta,HCRTR2,O43614,ENSG00000137252,TRUE,TRUE,FALSE,,65,FSCCCLGVHHRQEDRLTRGRTSTESRKSLTTQISNFDNISKLSEQVVLTSISTLPAANGAGPLQN

216,delta,OXER1,Q8TDS5,ENSG00000162881,TRUE,TRUE,FALSE,,50,PNFLHQSRALLGLTRGRQGPVSDESSYQPSRQWRYREASRKAEAIGKLKV

42,gamma,CXCR4,P61073,ENSG00000121966,TRUE,TRUE,FALSE,,37,SAQHALTSVSRGSSLKILSKGKRGGHSSVSTESESSS

39,alpha,ADORA1,P30542,ENSG00000163485,TRUE,TRUE,FALSE,,32,RIQKFRVTFLKIWNDHFRCQPAPPIDEDLPGV

43,gamma,C5AR2,Q9P296,ENSG00000134830,FALSE,FALSE,TRUE,"SSTR3, SSTR3",29,RLHQEHFPARLQCVVDYGGSSSTENAVTA

40,alpha,HTR6,P50406,ENSG00000158748,FALSE,FALSE,FALSE,,31,LTAQLLLPGEATQDPPLPTRAAAAVNFFNID

142,gsaf,FZD5,Q13467,ENSG00000163251,TRUE,TRUE,FALSE,,44,WPERMSCDRLPVLGRDAEVLCMDYNRSEATTAPPRPFPAKPTLP

141,gsaf,CRHR1,P34998,ENSG00000120088,FALSE,FALSE,TRUE,GPRC5A,60,GQLVVRPCPAFFYGVRYNTTNNGYRECLANGSWAARVNYSECQEILNEEKKSKVHYHVAV

44,gamma,UTS2R,Q9UKP6,ENSG00000181408,FALSE,FALSE,FALSE,,23,WQLLAQYHQAPLAPRTARIVNYL

217,delta,F2RL1,P55085,ENSG00000164251,FALSE,FALSE,FALSE,,36,GTIQGTNRSSKGRSLIGKVDGTSHVTGKGVTVETVF

326,other,GPR19,Q15760,ENSG00000183150,FALSE,TRUE,TRUE,HTR4,77,RRGMKETFCMSSMKCYRSNAYTITTSSRMAKKNYVGISEIPSMAKTITKDSIYDSFDREAKEKKLAWPINSNPPNTF

41,alpha,HTR2C,P28335,ENSG00000147246,TRUE,TRUE,FALSE,,77,IYRRAFSNYLRCNYKVEKKPPVRQIPRVAATALSGRELNVNIYRHTNEPVIEKASDNEPGIEMQVENLELPVNPSSV

45,gamma,GPR32,O75388,ENSG00000142511,TRUE,TRUE,FALSE,,40,GTRGCSDRQPGVLTRDRSCSRKMNSSGCLSEEVGSLRPLT

42,alpha,ADORA1,P30542,ENSG00000163485,TRUE,TRUE,FALSE,,38,NNLSAVERAWAANGSMGEPVIKCEFEKVISMEYMVYFN

143,gsaf,FZD5,Q13467,ENSG00000163251,FALSE,FALSE,FALSE,,52,GPFVCKCREPFVPILKESHPLYNKVRTGQVPNCAVPCYQPSFSADERTFATF

43,alpha,GPR12,P47775,ENSG00000132975,TRUE,TRUE,FALSE,,24,WNCLRDESTCSVVRPLTKNNAAIL

218,delta,PTAFR,P25105,ENSG00000169403,TRUE,TRUE,FALSE,,44,KKFRKHLTEKFYSMRSSRKCSRATTDTVTEVVVPFNQIPGNSLK

221,beta,HCRTR2,O43614,ENSG00000137252,TRUE,TRUE,FALSE,,51,WCRQIPGTSSVVQRKWKPLQPVSQPRGPGQPTKSRMSAVAAEIKQIRARRK

327,other,GPR84,Q9NQS5,ENSG00000139572,TRUE,TRUE,FALSE,,61,HRQVKRAAQALDQYKLRQASIHSNHVARTDEAMPGRFQELDSRLASGGPSEGISSEPVSAA

219,delta,LPAR4,Q99677,ENSG00000147145,TRUE,TRUE,FALSE,,46,KSFYINAHIRMESLFKTETPLTTKPSLPAIQEEVSDQTTNNGGELM

220,delta,GPR87,Q9BY21,ENSG00000138271,TRUE,TRUE,FALSE,,33,CRSFSRRLFKKSNIRTRSESIRSLQSVRRSEVR

221,delta,MRGPRX2,Q96LB1,ENSG00000183695,TRUE,TRUE,FALSE,,30,ALQRALQDIAEVDHSEGCFRQGTPEMSRSS

44,alpha,HTR1B,P28222,ENSG00000135312,TRUE,TRUE,FALSE,,47,GSTSSVTSINSRVPDVPSESGSPVYVNQVKVRVSDALLEKKKLMAAR

144,gsaf,CRHR1,P34998,ENSG00000120088,TRUE,TRUE,FALSE,,38,LFLRLRPGCTHWGDQADGALEVGAPWSGAPFQVRRSIR

49,alpha,CNR2,P34972,ENSG00000188822,TRUE,TRUE,FALSE,,32,WKAHQHVASLSGHQDRQVPGMARMRLDVRLAK

222,beta,TACR1,P25103,ENSG00000115353,FALSE,FALSE,TRUE,"AVPR2, AVPR2",31,MDNVLPVDSDLSPNISTNTSEPNQFVQPAWQ

48,alpha,HRH1,P35367,ENSG00000196639,TRUE,TRUE,FALSE,,73,ASEISEDQMLGDSQSFSRTDSDTTTETAPGKGKLRSGSNTGLDYIKFTWKRLRSHSRQYVSGLHMNRERKAAK

45,alpha,TAAR1,Q96RJ0,ENSG00000146399,FALSE,FALSE,FALSE,,30,KEQARLISDANQKLQIGLEMKNGISQSKER

46,alpha,PTGER1,P34995,ENSG00000160951,FALSE,FALSE,FALSE,,34,SSASSIASASTFFGGSRSSGSARRARAHDVEMVG

47,alpha,HTR4,Q13639,ENSG00000164270,TRUE,TRUE,FALSE,,46,RIYVTAKEHAHQIQMLQRAGASSESRPQSADQHSTHRMRTETKAAK

225,beta,NPY4R;NPY4R2,P50391,ENSG00000204174;ENSG00000264717,TRUE,TRUE,FALSE,,28,YARIYRRLQRQGRVFHKGTYSLRAGHMK

50,alpha,HTR7,P34969,ENSG00000148680,TRUE,TRUE,FALSE,,74,NRDLRTTYRSLLQCQYRNINRKLSAAGMHEALKLAERPERPEFVLRACTRRVLLRPEKRPPVSVWVLQSPDHHN

51,alpha,HTR1D,P28221,ENSG00000179546,TRUE,TRUE,FALSE,,65,YRAARNRILNPPSLYGKRFTTAHLITGSAGSSLCSLNSSLHEGHSHSAGSPLFFNHVKIKLADSA

223,beta,GPR37,O15354,ENSG00000170775,FALSE,FALSE,FALSE,,141,RWKGARGQEPSETLGRGNPTALQLFLQISEEEEKGPRGAGISGRSQEQSVKTVPGASDLFYWPRRAGKLQGSHHKPLSKTANGLAGHEGWTIALPGRALAQNGSLGEGIHEPGGPRRGNSTNRRVRLKNPFYPLTQESYGA

328,other,GPR45,Q9Y5Y3,ENSG00000135973,TRUE,TRUE,FALSE,,27,QTFQILPKVPERIRRRIQPSTVYVCNE

52,alpha,ADRA2B,P18089,ENSG00000274286,TRUE,TRUE,FALSE,,54,SPASACSPPLQQPQGSRVLATLRGQVLLGRGVGAIGGQWWRRRAQLTREKRFTF

222,delta,FSHR,P23945,ENSG00000170820,TRUE,TRUE,FALSE,,113,QESKVTEIPSDLPRNAIELRFVLTKLRVIQKGAFSGFGDLEKIEISQNDVLEVIEADVFSNLPKLHEIRIEKANNLLYINPEAFQNLPNLQYLLISNTGIKHLPDVHKIHSLQ

224,beta,GNRHR,P30968,ENSG00000109163,FALSE,FALSE,TRUE,"AVPR2, AVPR2, AVPR2",32,FRMIHLADSSGQTKVFSQCVTHCSFSQWWHQA

53,alpha,CHRM5,P08912,ENSG00000184984,TRUE,TRUE,FALSE,,103,SDSVTKAEKRKPAHRALFRSCLRCPRPTLAQRERNQASWSSSRRSTSTTGKPSQATGPSANWAKAEQLTTCSSYPSSEDEDKPATDPVLQVVYKSQGKESPGE

145,gsaf,GCGR,P47871,ENSG00000215644,TRUE,TRUE,FALSE,,56,AQVMDFLFEKWKLYGDQCHHNLSLLPPPTELVCNRTFDKYSCWPDTPANTTANISC

46,gamma,ACKR3,P25106,ENSG00000144476,FALSE,FALSE,FALSE,,43,LHLFDYSEPGNFSDISWPCNSSDCIVVDTVMCPNMPNKSVLLY

54,alpha,ADRA2C,P18825,ENSG00000184160,TRUE,TRUE,FALSE,,27,LTASRSPGPGGRLSRASSRSVEFFLSR

223,delta,GPR174,Q9BXC1,ENSG00000147138,FALSE,FALSE,FALSE,,22,LSLQDKYPMAQDLGEKQKALKM

55,alpha,CNR1,P21554,ENSG00000118432,TRUE,TRUE,FALSE,,47,LWKAHSHAVRMIQRGTQKSIIIHTSEDGKVQVTRPDQARMDIRLAKT

226,beta,GHSR,Q92847,ENSG00000121853,FALSE,FALSE,TRUE,AVPR2,28,KLWRRRRGDAVVGASLRDQNHKQTVKML

146,gsaf,FZD6,O60353,ENSG00000164930,TRUE,TRUE,FALSE,,59,CTEWAGFFKRNRKRDPISESRRVLQESCEFFLKHNSKVKHKKKHYKPSSHKLKVISKSM

261,delta,F2RL3,Q96RI0,ENSG00000127533,FALSE,FALSE,FALSE,,29,QRQTFRLARSDRVLCHDALPLDAQASHWQ

224,delta,MRGPRG,Q86SM5,ENSG00000182170,FALSE,TRUE,TRUE,"MRGPRE, MRGPRE, MRGPRE, MRGPRE",24,LIYSGLGRQPGKREPLRSVLRRAL

227,beta,GRPR,P30550,ENSG00000126010,TRUE,TRUE,FALSE,,37,MALNDCFLLNLEVDHFMHCNISSHSADLPVNDDWSHP

329,other,GPR20,Q99678,ENSG00000204882,FALSE,TRUE,TRUE,AVPR2,50,TVRGLFGQHGEREPSSGDVVSMHRSSKGSGRHHILSAGPHALTQALANGP

47,gamma,CCR4,P51679,ENSG00000183813,TRUE,TRUE,FALSE,,29,LFSTCYTERNHTYCKTKYSLNSTTWKVLS

48,gamma,FPR3,P25089,ENSG00000187474,TRUE,TRUE,FALSE,,24,LTEVPDSAQTSNTDTTSASPPEET

56,alpha,ADRA2B,P18089,ENSG00000274286,TRUE,TRUE,FALSE,,50,IAKRSNRRGPRAKGGPGQGESKQPRPDHGGALASAKLPALASVASAREVN

228,beta,GRPR,P30550,ENSG00000126010,FALSE,FALSE,FALSE,,33,FSDLHPFHEESTNQTFISCAPYPHSNELHPKIH

49,gamma,CCR7,P32248,ENSG00000126353,TRUE,TRUE,FALSE,,34,QDEVTDDYIGDNTTVDYTLFESLCSKKDVRNFKA

321,other,GPR148,Q8TDV2,ENSG00000173302,FALSE,FALSE,TRUE,VIPR2,27,LLRYRQLLGMVRGHLPSRRHQAIFTIS

57,alpha,ADORA1,P30542,ENSG00000163485,TRUE,TRUE,FALSE,,32,RIQKFRVTFLKIWNDHFRCQPAPPIDEDLPGV

50,gamma,NPBWR2,P48146,ENSG00000125522,TRUE,TRUE,FALSE,,22,GHPEPLDSRGSFSLPTMGANVS

51,gamma,FPR1,P21462,ENSG00000171051,FALSE,FALSE,FALSE,,23,VALIATVRIRELLQGMYKEIGIA

147,gsaf,ADGRA1,Q86SQ6,ENSG00000197177,TRUE,TRUE,FALSE,,79,PFPMVTQPEGSDGSPALYSCPTQPGREAALGPGHLEMLRRTQSLPFGGPSQNGLPKGKLLEGLPFGTDGTGNIRTGPWK

225,delta,GPR171,O14626,ENSG00000174946,FALSE,TRUE,TRUE,GPR4,32,LSKAFRSKVTETFASPKETKAQKEKLRCENNA

52,gamma,GALR1,P47211,ENSG00000166573,FALSE,FALSE,FALSE,,27,KVLNHLHKKLKNMSKKSEASKKKTAQT

148,gsaf,VIPR2,P41587,ENSG00000106018,TRUE,TRUE,FALSE,,45,NSIHPECRFHLEIQEEETKCAELLRSQTEKHKACSGVWDNITCWR

226,delta,HCAR1,Q9BXC0,ENSG00000196917,TRUE,TRUE,FALSE,,39,QRPEEMPISNLGRRSCISVANSFQSQSDGQWDPHIVEWH

55,gamma,GPBAR1,Q8TDU6,ENSG00000179921,FALSE,TRUE,TRUE,C5AR1,28,LGDQRYTAPWRAAAQRCLQGLWGRASRD

54,gamma,CMKLR1,Q99788,ENSG00000174600,TRUE,TRUE,FALSE,,38,RMEDEDYNTSISYGDEYPDYLDSIVVLEDLSPLEARVT

53,gamma,SSTR5,P35346,ENSG00000162009,TRUE,TRUE,FALSE,,49,RQSFQKVLCLRKGSGAKDADATELRPDRIRQQQEATPPAHRAAANGLMQ

60,alpha,HRH3,Q9Y5N1,ENSG00000101180,TRUE,TRUE,FALSE,,50,SGSSSRGTERPRSLKRGSKPSASSASLEKRMKMVSQSFTQRFRLSRDRKV

7,gamma,CCR2,P41597,ENSG00000121807,TRUE,TRUE,FALSE,,58,FHIALGCRIAPLQKPVCGGPGVRPGKNVKVTTQGLLDGRGKGKSIGRAPEASLQDKEG

56,gamma,UTS2R,Q9UKP6,ENSG00000181408,FALSE,FALSE,FALSE,,23,WQLLAQYHQAPLAPRTARIVNYL

149,gsaf,CRHR1,P34998,ENSG00000120088,TRUE,TRUE,FALSE,,38,LFLRLRPGCTHWGDQADGALEVGAPWSGAPFQVRRSIR

59,alpha,HTR2B,P41595,ENSG00000135914,TRUE,TRUE,FALSE,,63,RYITCNYRATKSVKTLRKRSSKIYFRNPMAENSKFFKKHGIRNGINPAMYQSPMRLRSSTIQS

229,beta,CCKAR,P32238,ENSG00000163394,TRUE,TRUE,FALSE,,36,DSLLVNGSNITPPCELGLENETLFCLDQPRPSKEWQ

230,beta,NPFFR2,Q9Y5X5,ENSG00000056291,TRUE,TRUE,FALSE,,77,RALSVQQRGGPAWSGSLEWSRQSAGDRRRLGLSRQTAKSSWSRSRDRTCCCRRAWWILVPAADRARRERFIMNEKWD

61,alpha,DRD3,P35462,ENSG00000151577,FALSE,FALSE,TRUE,"ADRA2A, ADRA2A, ADRA2A, ADRA2A",32,ASLSQLSSHLNYTCGAENSTGASQARPHAYYA

150,gsaf,GPRC5D,Q9NZD1,ENSG00000111291,TRUE,TRUE,FALSE,,60,CPLQGNACPVTAYQHSFQVENQELSRARDSDGAEEDVALTSYGTPIQPQTVDPTQECFIP

57,gamma,SSTR4,P31391,ENSG00000132671,TRUE,TRUE,FALSE,,42,YATALKSKGGAGCMCPPLPCQQEALQPEPGRKRIPLTRTTTF

62,alpha,OPN3,Q9H1Y3,ENSG00000054277,TRUE,TRUE,FALSE,,90,IRKFRRSLLQLLCLRLLRCQRPAKDLPAAGSEMQIRPIVMSQKDGDRPKKKVTFNSSSIIFIITSDESLSVDDSDKTNGSKVDVIQVRPL

198,beta,TACR1,P25103,ENSG00000115353,FALSE,FALSE,FALSE,,31,MDNVLPVDSDLSPNISTNTSEPNQFVQPAWQ

231,beta,AVPR1A,P37288,ENSG00000166148,FALSE,FALSE,TRUE,AVPR2,55,MRLSAGPDAGPSGNSSPWWPLATGAGNTSREAEALGEGNGPPRDVRNEELAKLEI

4,alpha,HTR2A,P28223,ENSG00000102468,FALSE,FALSE,FALSE,,84,YRSAFSRYIQCQYKENKKPLQLILVNTIPALAYKSSQLQMGQKKNSKQDAKTTDNDCSMVALGKQHSEEASKDNSDGVNEKVSC

59,gamma,OPRL1,P41146,ENSG00000125510,TRUE,TRUE,FALSE,,43,NFKACFRKFCCASALRRDVQVSDRVRSIAKDVALACKTSETVP

232,beta,MLNR,O43193,ENSG00000102539,TRUE,TRUE,FALSE,,21,FLFLVGVEQDPGISVVPGLNG

233,beta,NTSR1,P30989,ENSG00000101188,TRUE,TRUE,FALSE,,42,QAGLEEALLAPGFGNASGNASERVLAAPSSELDVNTDIYSKV

8,gamma,CCR2,P41597,ENSG00000121807,TRUE,TRUE,FALSE,,41,LSTSRSRFIRNTNESGEEVTTFFDYDYGAPCHKFDVKQIGA

151,gsaf,GLP1R,P43220,ENSG00000112164,TRUE,TRUE,FALSE,,118,GATVSLWETVQKWREYRRQCQRSLTEDPPPATDLFCNRTFDEYACWPDGEPGSFVNVSCPWYLPWASSVPQGHVYRFCTAEGLWLQKDNSSLPWRDLSECEESKRGERSSPEEQLLFL

63,alpha,HTR7,P34969,ENSG00000148680,TRUE,TRUE,FALSE,,74,NRDLRTTYRSLLQCQYRNINRKLSAAGMHEALKLAERPERPEFVLRACTRRVLLRPEKRPPVSVWVLQSPDHHN

64,alpha,ADRB3,P13945,ENSG00000188778,TRUE,TRUE,FALSE,,30,QWWRVGADAEAQRCHSNPRCCAFASNMPYV

65,alpha,PTGER1,P34995,ENSG00000160951,TRUE,TRUE,FALSE,,45,AVLRQLLRLLPPRAGAKGGPAGLGLTPSAWEASSLRSSRHSGLSH

67,alpha,PTGFR,P43088,ENSG00000122420,FALSE,FALSE,TRUE,"GPR61, GPR61, GPR61, GPR61",22,IQASRTWCFYNTEDIKDWEDRF

66,alpha,ADORA2A,P29274,ENSG00000128271,TRUE,TRUE,FALSE,,63,YRIREFRQTFRKIIRSHVLRQQEPFKAAGTSARVLAAHGSDGEQVSLRLNGHPPGVWANGSAP

68,alpha,MC2R,Q01718,ENSG00000185231,FALSE,FALSE,FALSE,,26,VHMFLLARSHTRKISTLPRANMKGAI

7,alpha,ADRB1,P08588,ENSG00000043591,TRUE,TRUE,FALSE,,25,LRVFREAQKQVKKIDSCERRFLGGP

69,alpha,DRD5,P21918,ENSG00000169676,TRUE,TRUE,FALSE,,48,NWHRDQAASWGGLDLPNNLANWTPWEEDFWEPDVNAENCDSSLNRTYA

120,alpha,HTR1D,P28221,ENSG00000179546,TRUE,TRUE,FALSE,,65,YRAARNRILNPPSLYGKRFTTAHLITGSAGSSLCSLNSSLHEGHSHSAGSPLFFNHVKIKLADSA

119,alpha,ADRA2B,P18089,ENSG00000274286,TRUE,TRUE,FALSE,,54,SPASACSPPLQQPQGSRVLATLRGQVLLGRGVGAIGGQWWRRRAQLTREKRFTF

70,alpha,HTR1D,P28221,ENSG00000179546,TRUE,TRUE,FALSE,,37,PLNQSAEGLPQEASNRSLNATETSEAWDPRTLQALKI

60,gamma,FPR3,P25089,ENSG00000187474,TRUE,TRUE,FALSE,,24,LTEVPDSAQTSNTDTTSASPPEET

71,alpha,ADRA2B,P18089,ENSG00000274286,TRUE,TRUE,FALSE,,50,IAKRSNRRGPRAKGGPGQGESKQPRPDHGGALASAKLPALASVASAREVN

73,alpha,PTGER1,P34995,ENSG00000160951,FALSE,FALSE,TRUE,"S1PR4, S1PR4, S1PR4, S1PR4",34,SSASSIASASTFFGGSRSSGSARRARAHDVEMVG

72,alpha,ADRA2A,P08913,ENSG00000150594,FALSE,FALSE,FALSE,,27,GNASWNGTEAPGGGARATPYSLQVTLT

227,delta,GPR87,Q9BY21,ENSG00000138271,TRUE,TRUE,FALSE,,33,CRSFSRRLFKKSNIRTRSESIRSLQSVRRSEVR

152,gsaf,GCGR,P47871,ENSG00000215644,TRUE,TRUE,FALSE,,57,WHHKVQHRFVFKRCGPDGQWVRGPRGQPWRDASQCQMDGEEIEVQKEVAKMYSSFQV

63,gamma,CCR6,P51684,ENSG00000112486,FALSE,FALSE,FALSE,,54,GQKFRNYFLKILKDLWCVRRKYKSSGFSCAGRYSENISRQTSETADNDNASSFT

61,gamma,SSTR5,P35346,ENSG00000162009,FALSE,FALSE,FALSE,,40,LFPASTPSWNASSPGAASGGGDNRTLVGPAPSAGARAVLV

200,delta,C3AR1,Q16581,ENSG00000171860,TRUE,TRUE,FALSE,,142,GLSSSLDYPDFYGDPLENRSLENIVQPPGEMNDRLDPSSFQTNDHPWTVPTVFQPQTFQRPSADSLPRGSARLTSQNLYSNVFKPADVVSPKIPSGFPIEDHETSPLDNSDAFLSTHLKLFPSASSNSFYESELPQGFQDYY

74,alpha,CHRM4,P08173,ENSG00000180720,TRUE,TRUE,FALSE,,99,PVADKDTSNESSSGSATQNTKERPATELSTTEATTPAMPAPPLQPRALNPASRWSKIQIVTKQTGNECVTAIEIVPATPAGMRPAANVARKFASIARNQ

75,alpha,HTR5A,P47898,ENSG00000157219,TRUE,TRUE,FALSE,,61,IYKAAKFRVGSRKTNSVSPISEAVEVKDSAKQPQMVFTVRHATVTFQPEGDTWREQKEQRA

76,alpha,S1PR4,O95977,ENSG00000125910,TRUE,TRUE,FALSE,,51,RSREVCRAVLSFLCCGCLRLGMRGPGDCLARAVEAHSGASTTDSSLRPRDS

228,delta,GPR171,O14626,ENSG00000174946,TRUE,TRUE,FALSE,,23,LVIRQLYRNKDNENYPNVKKALI

11,gamma,OPRM1,P35372,ENSG00000112038,TRUE,TRUE,FALSE,,50,EFCIPTSSNIEQQNSTRIRQNTRDHPSTANTVDRTNHQLENLEAETAPLP

234,beta,CCKBR,P32239,ENSG00000110148,TRUE,TRUE,FALSE,,55,FMHRRFRQACLETCARCCPRPPRARPRALPDEDPPTPSIASLSRLSYTTISTLGP

270,gamma,OPRK1,P41145,ENSG00000082556,TRUE,TRUE,FALSE,,42,RCFRDFCFPLKMRMERQSTSRVRNTVQDPAYLRDIDGMNKPV

62,gamma,UTS2R,Q9UKP6,ENSG00000181408,FALSE,FALSE,FALSE,,21,IVATYVTKEWHFGDVGCRVLF

229,delta,OXGR1,Q96P68,ENSG00000165621,TRUE,TRUE,FALSE,,29,LITSTNRTNRSACLDLTSSDELNTIKWYN

230,delta,FSHR,P23945,ENSG00000170820,FALSE,FALSE,FALSE,,71,AFANWRRQISELHPICNKSILRQEVDYMTQARGQRSSLAEDNESSYSRGFDMTYTEFDYDLCNEVVDVTCS

77,alpha,ADRB1,P08588,ENSG00000043591,TRUE,TRUE,FALSE,,25,ASLLPPASESPEPLSQQWTAGMGLL

235,beta,GPR37,O15354,ENSG00000170775,TRUE,TRUE,FALSE,,76,RAGKLQGSHHKPLSKTANGLAGHEGWTIALPGRALAQNGSLGEGIHEPGGPRRGNSTNRRVRLKNPFYPLTQESYG

153,gsaf,GIPR,P48546,ENSG00000010310,FALSE,FALSE,FALSE,,51,PWHHHVAAGFVLRQCGSDGQWGLWRDHTQCENPEKNEAFLDQRLILERLQV

78,alpha,HTR6,P50406,ENSG00000158748,TRUE,TRUE,FALSE,,31,LTAQLLLPGEATQDPPLPTRAAAAVNFFNID

86,gamma,GPBAR1,Q8TDU6,ENSG00000179921,FALSE,FALSE,FALSE,,22,TLLLSVLAYEQRPPLGPGTLLS

154,gsaf,GPR156,Q8NFN8,ENSG00000175697,TRUE,TRUE,FALSE,,91,EEENQTIRRMAKYFSTPNKSFHTQYGEEENCHPRGEKSSMERLLTEKNAVIESLQEQVNNAKEKIVRLMSAECTYDLPEGAAPPASSPNKD

236,beta,NMUR2,Q9GZQ4,ENSG00000132911,TRUE,TRUE,FALSE,,28,RLKKDKSLEADEGNANIQRPCRKSVNKM

64,gamma,CXCR4,P61073,ENSG00000121966,TRUE,TRUE,FALSE,,32,SIPLPLLQIYTSDNYTEEMGSGDYDSMKEPCF

231,delta,F2RL1,P55085,ENSG00000164251,TRUE,TRUE,FALSE,,36,GTIQGTNRSSKGRSLIGKVDGTSHVTGKGVTVETVF

330,other,GPR146,Q96CH1,ENSG00000164849,FALSE,FALSE,TRUE,ADRA2B,24,YICSHVSTRALECAKMQNAEAADA

65,gamma,CX3CR1,P49238,ENSG00000168329,FALSE,FALSE,FALSE,,26,KENECLGDYPEVLQEIWPVLRNVETN

79,alpha,TAAR1,Q96RJ0,ENSG00000146399,FALSE,FALSE,FALSE,,25,ELNFKGAEEIYYKHVHCRGGCSVFF

232,delta,GPR171,O14626,ENSG00000174946,TRUE,TRUE,FALSE,,21,IDRCLQLTHSCKIYRIQEPGF

81,alpha,HTR5A,P47898,ENSG00000157219,FALSE,FALSE,TRUE,GPR12,29,DLPVNLTSFSLSTPSPLETNHSLGKDDLR

66,gamma,APLNR,P35414,ENSG00000134817,FALSE,FALSE,FALSE,,36,VLRTTGDLENTTKVQCYMDYSMVATVSSEWAWEVGL

67,gamma,CCR10,P46092,ENSG00000184451,FALSE,FALSE,FALSE,,26,FSQDGQREGQRRCRLIFPEGLTQTVK

237,beta,GRPR,P30550,ENSG00000126010,TRUE,TRUE,FALSE,,33,FSDLHPFHEESTNQTFISCAPYPHSNELHPKIH

68,gamma,CXCR1,P25024,ENSG00000163464,TRUE,TRUE,FALSE,,39,FRHGFLKILAMHGLVSKEFLARHRVTSYTSSSVNVSSNL

80,alpha,HTR2C,P28335,ENSG00000147246,TRUE,TRUE,FALSE,,77,IYRRAFSNYLRCNYKVEKKPPVRQIPRVAATALSGRELNVNIYRHTNEPVIEKASDNEPGIEMQVENLELPVNPSSV

234,delta,HCAR1,Q9BXC0,ENSG00000196917,FALSE,FALSE,FALSE,,24,RLYFLWTVPSSACDPSVHGALHIT

238,beta,GRPR,P30550,ENSG00000126010,TRUE,TRUE,FALSE,,37,MALNDCFLLNLEVDHFMHCNISSHSADLPVNDDWSHP

70,gamma,GALR1,P47211,ENSG00000166573,FALSE,FALSE,FALSE,,27,KVLNHLHKKLKNMSKKSEASKKKTAQT

69,gamma,NPBWR2,P48146,ENSG00000125522,TRUE,TRUE,FALSE,,22,GHPEPLDSRGSFSLPTMGANVS

233,delta,FSHR,P23945,ENSG00000170820,TRUE,TRUE,FALSE,,80,LDIQDNINIHTIERNSFVGLSFESVILWLNKNGIQEIHNCAFNGTQLDELNLSDNNNLEELPNDVFHGASGPVILDISRT

85,alpha,CNR1,P21554,ENSG00000118432,TRUE,TRUE,FALSE,,67,MKSILDGLADTTFRTITTDLLYVGSNDIQYEDIKGDMASKLGYFPQKFPLTSFRGSPFQEKMTAGDN

92,alpha,CNR1,P21554,ENSG00000118432,TRUE,TRUE,FALSE,,47,LWKAHSHAVRMIQRGTQKSIIIHTSEDGKVQVTRPDQARMDIRLAKT

90,alpha,MTNR1A,P48039,ENSG00000168412,FALSE,FALSE,FALSE,,20,YICHSLKYDKLYSSKNSLCY

239,beta,MLNR,O43193,ENSG00000102539,FALSE,FALSE,TRUE,"AVPR2, AVPR2, AVPR2",22,GRIIYINTEDSRMMYFSQYFNI

82,alpha,OPN3,Q9H1Y3,ENSG00000054277,FALSE,FALSE,FALSE,,29,GWNRYILDVHGLGCTVDWKSKDANDSSFV

84,alpha,PTGFR,P43088,ENSG00000122420,TRUE,TRUE,FALSE,,50,KAVLKNLYKLASQCCGVHVISLHIWELSSIKNSLKVAAISESPVAEKSAS

240,beta,HCRTR2,O43614,ENSG00000137252,TRUE,TRUE,FALSE,,65,FSCCCLGVHHRQEDRLTRGRTSTESRKSLTTQISNFDNISKLSEQVVLTSISTLPAANGAGPLQN

83,alpha,GPR12,P47775,ENSG00000132975,TRUE,TRUE,FALSE,,24,WNCLRDESTCSVVRPLTKNNAAIL

241,beta,EDNRB,P24530,ENSG00000136160,FALSE,FALSE,FALSE,,76,PACSSREACSSPRAGWNPAGFRLPGRWSPFVALHLVCQIREALKLRSGHRTPSGAGSSMQPPPSLCGRALVALVLA

72,gamma,CCR5,P51681,ENSG00000160791,FALSE,FALSE,TRUE,"CXCR1, CXCR1, CXCR1, CXCR1",31,MDYQVSSPIYDINYYTSEPCQKINVKQIAAR

155,gsaf,GRM4,Q14833,ENSG00000124493,TRUE,TRUE,FALSE,,22,GKPKGHPHMNSIRIDGDITLGG

73,gamma,OPRD1,P41143,ENSG00000116329,TRUE,TRUE,FALSE,,28,LQPPLFANASDAYPSAFPSAGANASGPP

156,gsaf,GCGR,P47871,ENSG00000215644,TRUE,TRUE,FALSE,,56,AQVMDFLFEKWKLYGDQCHHNLSLLPPPTELVCNRTFDKYSCWPDTPANTTANISC

71,gamma,SSTR4,P31391,ENSG00000132671,FALSE,FALSE,FALSE,,31,SDNFRRFFQRVLCLRCCLLEGAGGAEEEPLD

331,other,GPR20,Q99678,ENSG00000204882,TRUE,TRUE,FALSE,,50,TVRGLFGQHGEREPSSGDVVSMHRSSKGSGRHHILSAGPHALTQALANGP

242,beta,NTSR1,P30989,ENSG00000101188,TRUE,TRUE,FALSE,,37,ANKLTVMVRQAAEQGQVCTVGGEHSTFSMAIEPGRVQ

74,gamma,UTS2R,Q9UKP6,ENSG00000181408,FALSE,FALSE,FALSE,,23,WQLLAQYHQAPLAPRTARIVNYL

158,gsaf,CRHR1,P34998,ENSG00000120088,TRUE,TRUE,FALSE,,38,LFLRLRPGCTHWGDQADGALEVGAPWSGAPFQVRRSIR

157,gsaf,GPRC5D,Q9NZD1,ENSG00000111291,FALSE,TRUE,TRUE,GPRC5A,60,CPLQGNACPVTAYQHSFQVENQELSRARDSDGAEEDVALTSYGTPIQPQTVDPTQECFIP

86,alpha,TAAR8,Q969N4,ENSG00000146385,FALSE,FALSE,FALSE,,28,TSNFSQPVVQLCYEDVNGSCIETPYSPG

159,gsaf,GPRC5D,Q9NZD1,ENSG00000111291,TRUE,TRUE,FALSE,,26,MYKDCIESTGDYFLLCDAEGPWGIIL

235,delta,FFAR2,O15552,ENSG00000126262,FALSE,FALSE,FALSE,,22,IERYLGVAFPVQYKLSRRPLYG

89,alpha,CHRM4,P08173,ENSG00000180720,TRUE,TRUE,FALSE,,57,SLASRSRVHKHRPEGPKEKKAKTLAFLKSPLMKQSVKKPPPGEAAREELRNGKLEEA

93,alpha,MC2R,Q01718,ENSG00000185231,FALSE,FALSE,FALSE,,21,AFRSPELRDAFKKMIFCSRYW

87,alpha,HRH3,Q9Y5N1,ENSG00000101180,TRUE,TRUE,FALSE,,50,SGSSSRGTERPRSLKRGSKPSASSASLEKRMKMVSQSFTQRFRLSRDRKV

88,alpha,DRD4,P21917,ENSG00000069696,FALSE,FALSE,TRUE,"MTNR1A, MTNR1A, MTNR1A",20,YSEVQGGAWLLSPRLCDALM

91,alpha,PTGFR,P43088,ENSG00000122420,FALSE,FALSE,FALSE,,21,LRVKFKSQQHRQGRSHHLEMV

332,other,GPR20,Q99678,ENSG00000204882,FALSE,TRUE,TRUE,PRLHR,44,AGAVPNATAVTTVRTNASGLEVPLFHLFARLDEELHGTFPGLWL

333,other,GPR146,Q96CH1,ENSG00000164849,FALSE,FALSE,FALSE,,21,LDHYIERALPRTYMASVYNTR

160,gsaf,CRHR2,Q13324,ENSG00000106113,TRUE,TRUE,FALSE,,51,MDAALLHSLLEANCSLALAEELLLDGWGPPLDPEGPYSYCNTTLDQIGTCW

94,alpha,HTR7,P34969,ENSG00000148680,FALSE,TRUE,TRUE,ADRA2C,74,NRDLRTTYRSLLQCQYRNINRKLSAAGMHEALKLAERPERPEFVLRACTRRVLLRPEKRPPVSVWVLQSPDHHN

243,beta,CCKAR,P32238,ENSG00000163394,TRUE,TRUE,FALSE,,36,DSLLVNGSNITPPCELGLENETLFCLDQPRPSKEWQ

95,alpha,ADORA2B,P29275,ENSG00000170425,TRUE,TRUE,FALSE,,21,VNCVTLFQPAQGKNKPKWAMN

107,alpha,ADRA2B,P18089,ENSG00000274286,TRUE,TRUE,FALSE,,50,NGHSKSTGEKEEGETPEDTGTRALPPSWAALPNSGQGQKEGVCGASPEDE

236,delta,F2R,P25116,ENSG00000181104,TRUE,TRUE,FALSE,,49,YASSECQRYVYSILCCKESSDPSSYNSSGQLMASKMDTCSSNLNNSIYK

244,beta,CCKAR,P32238,ENSG00000163394,TRUE,TRUE,FALSE,,51,KSAKERKPSTTSSGKYEDSDGCYLQKTRPPRKLELRQLSTGSSSRANRIRS

96,alpha,MTNR1B,P49286,ENSG00000134640,TRUE,TRUE,FALSE,,30,IQDASKGSHAEGLQSPAPPIIGVQHQADAL

97,alpha,MTNR1A,P48039,ENSG00000168412,FALSE,FALSE,FALSE,,31,IWILVLQVRQRVKPDRKPKLKPQDFRNFVTM

237,delta,RXFP1,Q9HBX9,ENSG00000171509,TRUE,TRUE,FALSE,,70,NCGDNNGWSLQFDKYFASYYKMTSQYPFEAETPECLVGSVPVQCLCQGLELDCDETNLRAVPSVSSNVTA

161,gsaf,GCGR,P47871,ENSG00000215644,FALSE,FALSE,FALSE,,22,VVKCLFENVQCWTSNDNMGFWW

76,gamma,CCR7,P32248,ENSG00000126353,FALSE,FALSE,FALSE,,33,PELLYSDLQRSSSEQAMRCSLITEHVEAFITIQ

77,gamma,CCR7,P32248,ENSG00000126353,FALSE,FALSE,FALSE,,34,QDEVTDDYIGDNTTVDYTLFESLCSKKDVRNFKA

245,beta,TACR1,P25103,ENSG00000115353,FALSE,FALSE,FALSE,,21,FFLLPYINPDLYLKKFIQQVY

78,gamma,GALR1,P47211,ENSG00000166573,FALSE,FALSE,FALSE,,36,MELAVGNLSEGNASWPEPPAPEPGPLFGIGVENFVT

79,gamma,BDKRB2,P30411,ENSG00000168398,TRUE,TRUE,FALSE,,30,RTMKEYSDEGHNVTACVISYPSLIWEVFTN

80,gamma,OPRL1,P41146,ENSG00000125510,TRUE,TRUE,FALSE,,27,GSAQVEDEEIECLVEIPTPQDYWGPVF

162,gsaf,FZD4,Q9ULV1,ENSG00000174804,FALSE,FALSE,FALSE,,86,PVLKEFGFAWPESLNCSKFPPQNDHNHMCMEGPGDEEVPLPHKTPIQPGEECHSVGTNSDQYIWVKRSLNCVLKCGYDAGLYSRSA

81,gamma,SSTR2,P30874,ENSG00000180616,FALSE,FALSE,FALSE,,30,YAGLRSNQWGRSSCTINWPGESGAWYTGFI

99,alpha,HTR1A,P08908,ENSG00000178394,TRUE,TRUE,FALSE,,23,WRTPEDRSDPDACTISKDHGYTI

98,alpha,S1PR1,P21453,ENSG00000170989,FALSE,TRUE,TRUE,"HRH3, HRH3",28,YSLVRTRSRRLTFRKNISKASRSSEKSL

100,alpha,ADRA2B,P18089,ENSG00000274286,TRUE,TRUE,FALSE,,54,SPASACSPPLQQPQGSRVLATLRGQVLLGRGVGAIGGQWWRRRAQLTREKRFTF

246,beta,AVPR1A,P37288,ENSG00000166148,FALSE,FALSE,FALSE,,55,MRLSAGPDAGPSGNSSPWWPLATGAGNTSREAEALGEGNGPPRDVRNEELAKLEI

238,delta,GPR141,Q7Z602,ENSG00000187037,FALSE,FALSE,FALSE,,20,MPGHNTSRNSSCDPIVTPHL

101,alpha,ADRB2,P07550,ENSG00000169252,TRUE,TRUE,FALSE,,54,RVFQEAKRQLQKIDKSEGRFHVQNLSQVEQDGRTGHGLRRSSKFCLKEHKALKT

247,beta,AVPR1B,P47901,ENSG00000198049,TRUE,TRUE,FALSE,,58,LSDGSLSSRHTTLLTRSSCPATLSLSLSLTLSGRPRPEESPRDLELADGEGTAETIIF

83,gamma,FPR3,P25089,ENSG00000187474,FALSE,TRUE,TRUE,GPR20,24,LTEVPDSAQTSNTDTTSASPPEET

82,gamma,KISS1R,Q969F8,ENSG00000116014,TRUE,TRUE,FALSE,,26,LVLQALGPAGSWHPRSYAAYALKTWA

239,delta,GPR183,P32249,ENSG00000169508,TRUE,TRUE,FALSE,,25,FTPPSATPQGNDCDLYAHHSTARIV

240,delta,HCAR3,P49019,ENSG00000255398,TRUE,TRUE,FALSE,,28,PTSNNHSKKGHCHQEPASLEKQLGCCIE

103,alpha,ADORA2A,P29274,ENSG00000128271,TRUE,TRUE,FALSE,,54,PERRPNGYALGLVSGGSAQESQGNTGLPDVELLSHELKGVCPEPPGLDDPLAQD

243,delta,GPR34,Q9UPC5,ENSG00000171659,TRUE,TRUE,FALSE,,53,LMSSNIRKIMCQLLFRRFQGEPSRSESTSEFKPGYSLHDTSVAVKIQSSSKST

102,alpha,ADRA2C,P18825,ENSG00000184160,TRUE,TRUE,FALSE,,36,ARIYRVAKLRTRTLSEKRAPVGPDGASPTTENGLGA

241,delta,GPR18,Q14330,ENSG00000125245,FALSE,FALSE,FALSE,,28,LVIIHNLLHGRTSKLKPKVKEKSIRIII

248,beta,PRLHR,P49683,ENSG00000119973,TRUE,TRUE,FALSE,,32,AVHTYHVELKPHDVRLCEEFWGSQERQRQLYA

163,gsaf,GPRC5C,Q9NQ84,ENSG00000170412,FALSE,FALSE,FALSE,,50,MRGRGSQQQQPTRRQGQKLPSPSPAGKYESAQPGGTQPEPGLGARMAIHK

84,gamma,CXCR6,O00574,ENSG00000172215,FALSE,FALSE,FALSE,,21,RFIVVVKATKAYNQQAKRMTW

242,delta,CYSLTR1,Q9Y271,ENSG00000173198,FALSE,FALSE,FALSE,,32,LMAKPQKDEKNNTKCFEPPQDNQTKNHVLVLH

85,gamma,NPBWR2,P48146,ENSG00000125522,FALSE,FALSE,FALSE,,23,YLVVLATVRSRHMPWRTYRGAKV

164,gsaf,GCGR,P47871,ENSG00000215644,TRUE,TRUE,FALSE,,57,WHHKVQHRFVFKRCGPDGQWVRGPRGQPWRDASQCQMDGEEIEVQKEVAKMYSSFQV

249,beta,GRPR,P30550,ENSG00000126010,FALSE,TRUE,TRUE,AVPR2,37,MALNDCFLLNLEVDHFMHCNISSHSADLPVNDDWSHP

250,beta,GRPR,P30550,ENSG00000126010,TRUE,TRUE,FALSE,,33,FSDLHPFHEESTNQTFISCAPYPHSNELHPKIH

87,gamma,CX3CR1,P49238,ENSG00000168329,TRUE,TRUE,FALSE,,46,HLYGKCLAVLCGRSVHVDFSSSESQRSRHGSVLSSNFTYHTSDGDA

104,alpha,ADORA2A,P29274,ENSG00000128271,FALSE,FALSE,FALSE,,37,LRIFLAARRQLKQMESQPLPGERARSTLQKEVHAAKS

105,alpha,HTR1E,P28566,ENSG00000168830,FALSE,FALSE,TRUE,HTR6,23,MNITNCTTEASMAIRPKTITEKM

165,gsaf,GLP1R,P43220,ENSG00000112164,TRUE,TRUE,FALSE,,118,GATVSLWETVQKWREYRRQCQRSLTEDPPPATDLFCNRTFDEYACWPDGEPGSFVNVSCPWYLPWASSVPQGHVYRFCTAEGLWLQKDNSSLPWRDLSECEESKRGERSSPEEQLLFL

106,alpha,HTR1B,P28222,ENSG00000135312,TRUE,TRUE,FALSE,,43,MEEPGAQCAPPPPAGSETWVPQANLSSAPSQNCSAKDYIYQDS

244,delta,FSHR,P23945,ENSG00000170820,FALSE,FALSE,FALSE,,71,AFANWRRQISELHPICNKSILRQEVDYMTQARGQRSSLAEDNESSYSRGFDMTYTEFDYDLCNEVVDVTCS

245,delta,F2RL3,Q96RI0,ENSG00000127533,FALSE,FALSE,FALSE,,20,LLHYSDPSPSAWGNLYGAYV

246,delta,MAS1,P04201,ENSG00000130368,FALSE,FALSE,FALSE,,40,SKKKRFKESLKVVLTRAFKDEMQPRRQKDNCNTVTVETVV